Time,Transaction ID,Description,Product,Payment method,Status,Amount
"Feb 1, 2024, 3:24 PM",119985977.1706829847802293.sub,Domain - asmedialtd.com: 1 year renewal,Google Domains,Mastercard •••• 1760,Cancelled,"INR 1,014.80"
"Jan 30, 2024, 7:38 AM",119985977.1706629122874153.sub,Domain - asmedialtd.com: 1 year renewal,Google Domains,Mastercard •••• 1760,Cancelled,"INR 1,014.80"
"Jan 28, 2024, 5:11 AM",119985977.1706447480209913.sub,Domain - asmedialtd.com: 1 year renewal,Google Domains,Mastercard •••• 1760,Cancelled,"INR 1,014.80"
"Jan 25, 2024, 7:55 PM",119985977.1706241339273858.sub,Domain - asmedialtd.com: 1 year renewal,Google Domains,Mastercard •••• 1760,Cancelled,"INR 1,014.80"
"Jan 23, 2024, 12:55 PM",119985977.1706043304043392.sub,Domain - asmedialtd.com: 1 year renewal,Google Domains,Mastercard •••• 1760,Cancelled,"INR 1,014.80"
"Jan 21, 2024, 6:58 AM",119985977.1705849126805059.sub,"Domain - asmedialtd.com: 1 year renewal, Workspace Business Starter - asmedialtd.com: 1 user at introductory price of ₹125.00/user/month plan",Google Domains,Mastercard •••• 1760,Cancelled,"INR 1,162.30"
"Jan 19, 2024, 3:04 AM",119985977.1705662254278579.sub,"Domain - asmedialtd.com: 1 year renewal, Workspace Business Starter - asmedialtd.com: 1 user at introductory price of ₹125.00/user/month plan",Google Domains,Mastercard •••• 1760,Cancelled,"INR 1,162.30"
"Jan 16, 2024, 8:59 PM",119985977.1705467595713856.sub,"Domain - asmedialtd.com: 1 year renewal, Workspace Business Starter - asmedialtd.com: 1 user at introductory price of ₹125.00/user/month plan",Google Domains,Mastercard •••• 1760,Cancelled,"INR 1,162.30"
"Jan 14, 2024, 11:27 AM",119985977.1705260424591836.sub,"Domain - asmedialtd.com: 1 year renewal, Workspace Business Starter - asmedialtd.com: 1 user at introductory price of ₹125.00/user/month plan",Google Domains,Mastercard •••• 1760,Cancelled,"INR 1,162.30"
"Jan 12, 2024, 9:16 AM",119985977.1705079782078922.sub,"Domain - asmedialtd.com: 1 year renewal, Workspace Business Starter - asmedialtd.com: 1 user at introductory price of ₹125.00/user/month plan",Google Domains,Mastercard •••• 1760,Cancelled,"INR 1,162.30"
"Jan 12, 2024, 2:34 AM",119985977.1707010752725982.sub,Domain - asmedialtd.com: 1 year renewal,Google Domains,Mastercard •••• 1760,Complete,"INR 1,014.80"
"Dec 14, 2023, 9:35 AM",119985977.1702401572756687.sub,Workspace Business Starter - asmedialtd.com: 1 user at introductory price of ₹125.00/user/month plan,Google Domains,Mastercard •••• 1760,Complete,INR 147.50
"Nov 14, 2023, 5:20 AM",119985977.1699794403128326.sub,Workspace Business Starter - asmedialtd.com: 1 user at introductory price of ₹125.00/user/month plan,Google Domains,Mastercard •••• 1760,Complete,INR 147.50
"Oct 14, 2023, 5:23 AM",119985977.1697112676804054.sub,Workspace Business Starter - asmedialtd.com: 1 user at introductory price of ₹125.00/user/month plan,Google Domains,Mastercard •••• 1760,Complete,INR 147.50
"Sep 15, 2023, 1:57 PM",119985977.1694637867100687.sub,Workspace Business Starter - asmedialtd.com: 1 user at introductory price of ₹125.00/user/month plan,Google Domains,Mastercard •••• 1760,Complete,INR 147.50
"Sep 12, 2023, 11:28 AM",119985977.1694543280576878.sub,Workspace Business Starter - asmedialtd.com: 1 user at introductory price of ₹125.00/user/month plan,Google Domains,Mastercard •••• 1760,Cancelled,INR 147.50
"Aug 14, 2023, 9:33 AM",119985977.1691857110887288.sub,Workspace Business Starter - asmedialtd.com: 1 user at introductory price of ₹125.00/user/month plan,Google Domains,Mastercard •••• 1760,Complete,INR 147.50
"Jul 21, 2023, 7:05 AM",119985977.1689774823564603.sub,Workspace Business Starter - asmedialtd.com: 1 user at introductory price of ₹125.00/user/month plan,Google Domains,Mastercard •••• 1760,Complete,INR 147.50
"Jul 16, 2023, 10:51 PM",119985977.1689573104851801.sub,Workspace Business Starter - asmedialtd.com: 1 user at introductory price of ₹125.00/user/month plan,Google Domains,Mastercard •••• 1760,Cancelled,INR 147.50
"Jul 14, 2023, 3:00 PM",119985977.1689372036031216.sub,Workspace Business Starter - asmedialtd.com: 1 user at introductory price of ₹125.00/user/month plan,Google Domains,Mastercard •••• 1760,Cancelled,INR 147.50
"Jul 12, 2023, 6:53 AM",119985977.1689170020059536.sub,Workspace Business Starter - asmedialtd.com: 1 user at introductory price of ₹125.00/user/month plan,Google Domains,Mastercard •••• 1760,Cancelled,INR 147.50
"Jun 14, 2023, 5:23 AM",119985977.1686571773560267.sub,Workspace Business Starter - asmedialtd.com: 1 user at introductory price of ₹125.00/user/month plan,Google Domains,Mastercard •••• 1760,Complete,INR 147.50
"May 14, 2023, 5:17 AM",119985977.1683892992201093.sub,Workspace Business Starter - asmedialtd.com: 1 user at introductory price of ₹125.00/user/month plan,Google Domains,Mastercard •••• 1760,Complete,INR 147.50
"Apr 16, 2023, 3:50 PM",119985977.1681511672707000.sub,Workspace Business Starter - asmedialtd.com: 1 user at introductory price of ₹125.00/user/month plan,Google Domains,Mastercard •••• 1760,Complete,INR 147.50
"Apr 12, 2023, 11:31 AM",119985977.1681324259601788.sub,Workspace Business Starter - asmedialtd.com: 1 user at introductory price of ₹125.00/user/month plan,Google Domains,Mastercard •••• 1760,Cancelled,INR 147.50
"Mar 14, 2023, 6:38 AM",119985977.1678627458094943.sub,Workspace Business Starter - asmedialtd.com: 1 user at introductory price of ₹125.00/user/month plan,Google Domains,Mastercard •••• 1760,Complete,INR 147.50
"Feb 15, 2023, 12:41 AM",YTR.JVH3-XEYH-8MW9-TBGY,YouTube Premium,YouTube,94******99@upi,Complete,INR 139.00
"Feb 14, 2023, 7:27 AM",119985977.1676214747899216.sub,Workspace Business Starter - asmedialtd.com: 1 user at introductory price of ₹125.00/user/month plan,Google Domains,Mastercard •••• 1760,Complete,INR 147.46
"Feb 9, 2023, 5:55 AM",GPY.5439-1925-6013-34490..1,YouTube Premium (YouTube),Google Play Apps,78******55@paytm,Cancelled,INR 129.00
"Jan 14, 2023, 5:56 AM",GPY.5439-1925-6013-34490..0,YouTube Premium (YouTube),Google Play Apps,78******55@paytm,Complete,INR 129.00
"Jan 12, 2023, 2:34 AM",119985977.1673519022950756,Domain - asmedialtd.com: 1 year registration,Google Domains,"Visa •••• 6144,Mastercard •••• 1760",Complete,"INR 1,014.80"
"Dec 14, 2022, 5:56 AM",GPY.5439-1925-6013-34490,YouTube Premium (YouTube),Google Play Apps,78******55@paytm,Complete,INR 129.00
"Dec 14, 2022, 5:19 AM",YTR.TMFK-XYGS-6HUL-5BAD,YouTube Premium,YouTube,94******99@upi,Cancelled,INR 399.00
"Dec 14, 2022, 5:18 AM",YTR.TMFK-WYQM-GKSG-SCRH,YouTube Premium,YouTube,94******99@upi,Cancelled,INR 399.00
"Dec 14, 2022, 5:10 AM",YTR.TMFK-WBWC-E68T-W4RA,YouTube Premium,YouTube,94******99@upi,Cancelled,INR 399.00
"Dec 14, 2022, 5:05 AM",YTR.TMFK-WGFP-ZE5C-PKQH,YouTube Premium,YouTube,94******99@upi,Cancelled,INR 399.00
"Sep 14, 2022, 5:57 AM",YTR.G9FK-W8YP-ECB3-FNCM,YouTube Premium,YouTube,94******99@upi,Complete,INR 399.00
"Jun 10, 2022, 9:28 PM",YTR.49FK-WUWB-SDLD-DJ5D,YouTube Premium,YouTube,94******99@upi,Complete,INR 399.00
"Jun 10, 2022, 12:22 PM",YTR.49FK-XXKH-E2LK-MWYQ,YouTube Premium,YouTube,94******99@upi,Cancelled,INR 399.00
"Mar 10, 2022, 10:17 AM",YTR.QRF3-XXG4-W3E6-EJHK,YouTube Premium,YouTube,94******99@upi,Complete,INR 399.00
"Feb 10, 2022, 3:51 AM",YTR.M9F3-XJNM-DE2C-J9PS,YouTube Premium,YouTube,94******99@upi,Complete,INR 139.00
"Jan 10, 2022, 12:49 AM",YTR.HDF3-WLAN-JJXM-LC56,YouTube Premium,YouTube,94******99@upi,Complete,INR 139.00
"Jan 9, 2022, 11:07 AM",YTR.H9F3-W6SC-AMQR-S25V,YouTube Premium,YouTube,94******99@upi,Cancelled,INR 139.00
"Dec 9, 2021, 7:21 AM",YTR.VZDK-XGMK-F8AF-NJZP,YouTube Premium,YouTube,94******99@upi,Complete,INR 139.00
"Dec 8, 2021, 9:35 PM",YTR.6MDK-WGBM-JK2S-CTJN-5,YouTube Premium,YouTube,Visa •••• 3683,Cancelled,INR 129.00
"Nov 30, 2021, 9:29 PM",YTR.6MDK-WGBM-JK2S-CTJN-5,YouTube Premium,YouTube,Visa •••• 3683,Cancelled,INR 129.00
"Nov 5, 2021, 10:34 PM",YTR.6MDK-WGBM-JK2S-CTJN-4,YouTube Premium,YouTube,Visa •••• 3683,Complete,INR 129.00
"Oct 5, 2021, 10:29 PM",YTR.6MDK-WGBM-JK2S-CTJN-3,YouTube Premium,YouTube,Visa •••• 3683,Complete,INR 129.00
"Sep 5, 2021, 10:29 PM",YTR.6MDK-WGBM-JK2S-CTJN-2,YouTube Premium,YouTube,Visa •••• 3683,Complete,INR 129.00
"Aug 5, 2021, 10:29 PM",YTR.6MDK-WGBM-JK2S-CTJN-1,YouTube Premium,YouTube,Visa •••• 3683,Complete,INR 129.00
"Jul 5, 2021, 10:29 PM",YTR.6MDK-WGBM-JK2S-CTJN-0,YouTube Premium,YouTube,Visa •••• 3683,Complete,INR 129.00
"Jun 5, 2021, 10:34 PM",YTR.6MDK-WGBM-JK2S-CTJN,YouTube Premium,YouTube,Visa •••• 3683,Complete,INR 129.00
"Apr 5, 2021, 1:36 AM",YTR.WZD3-WZDM-V5CT-326A,YouTube Premium,YouTube,Visa •••• 3683,Complete,INR 0.00
